Timestamp,Email Address,Team Name,"Team Members. Separate each name via commas. I.e. Josh R, Brett J, Ash T. ",Elevator Pitch. 2 lines max. 
9/8/2026 14:41:00,tigran.asriyan@gmail.com,Debate Coach AI,"Matthew Duque, Will Parks, Tigran Asriyan",Game tape for competitive debate
9/8/2026 14:51:23,lauren.porr@gmail.com,Surveillance Pricing Study,"Adam Nash, Lauren Porr, Adam Roch","Study to evaluate the presence of surveillance pricing (vendor pricing by ZIP code and device) when searching for products on Amazon, plane tickets, and hotel rooms.  "
9/8/2026 15:00:14,codeoritdidnthappen@gmail.com,EntryMap,"David Dean, Emily Liang, James Merithew, Ruben Lopez","The whole point was to be together - getting through the door shouldn’t be what stops you.
EntryMap is a community-built map of entrance photos and access details, helping you choose where to share your next experience."
9/8/2026 15:15:43,01josie@gmail.com,Knee abnormality detection,"Josie M, Ryan H, Kelly H","We taught a model to read knee MRIs for 12 different injuries with almost no ground truth — just 58 labeled studies out of 4,407 — by mining training labels from the multilingual radiology reports attached to the rest. The result scores 0.887 AUC on Kaggle's hidden test set, and we're wrapping it in an AI harness a clinician's assistant can call — a recipe for unlocking the millions of unlabeled scans hospitals already have."
9/8/2026 15:24:05,shamilahfaria@gmail.com,GlassBox AI Labs,"Gabriel Trinidad, John Martin, Jordan Phillips, Shamilah Faria","Our flagship, Gauntlet Gamesmith, turns a simple prompt into a playable browser game through an automated build-and-critique loop.
Behind every result, it exposes the full trace: what changed, what it cost, and whether each iteration actually made the game better."
9/8/2026 15:46:45,cgg27@cornell.edu,Wanderlink,"Cristina G, Matt M, Kevin R","You've hoarded a small fortune in points, and they lose value while you wonder if any redemption is actually worth taking. Wanderlink turns that research project into an answer on demand: every transfer mapped, every number backed by a source and a date, in our app or direct in your AI assistant."
9/9/2026 0:58:20,joshdrochon@gmail.com,Silent Flow,"Josh R, Troy S","There are many ways to communicate. Speaking, whispering and now for the first time silent articulation."
9/9/2026 9:27:36,cameron.c.moore@gmail.com,xray-specs + Applied Research,Cameron + Aaryan,Research is broken. Let’s fix it.